id,label
0,Basna Rani
1,Nolan Anna
2,Niimura Fumio
3,Lauritzen Hilde Brun
4,Debiane Labib
5,Baptista Pestana Raquel
6,Singh Adarshpreet
7,Cayuela Lucía
8,Goldstein Jenna
9,Yang Nancy
10,Howell Eric E
11,Boland Mary Regina
12,Hirai Kota
13,Field Jeffrey
14,McCulloch Charles E
15,Edwards Yeelen
16,Fagernæs Carl Fredrik
17,Puri Piyush
18,Nwaru Bright I
19,Bashir Muwada Bashir Awad
20,Tøndell Anders
21,Svedahl Sindre
22,Ekerljung Linda
23,Hassel Erlend
24,Lisznyai Eric
25,Gaeta Anna Michela
26,Goksör Emma
27,Morais-Almeida Mário
28,Oh Cheongeun
29,Noto Hironori
30,Okereke Ikenna
31,Kaiser Sunitha V
32,Singh Gurjot
33,Bang Berit Elisabeth
34,Rodal Liv Bjerke
35,McKeon Thomas
36,Rådinger Madeleine
37,Goswami Kanishka
38,Lötvall Jan
39,Tjalvin Gro
40,Thompson Sara
41,Kankaanranta Hannu
42,Cabrera Fernández Sara
43,Ikeda Miki
44,Nordhammer Anna Beate Overn
45,Okino Tsuyoshi
46,Mochizuki Hiroyuki
47,da Silva Alves Carolina
48,Auerbach Andrew D
49,Gonzales Ralph
50,Wennergren Göran
51,Slåstad Siri
52,Norweg Anna
53,Backman Helena
54,Trehan Shubam
55,Furuya Hiroyuki
56,Bushong Anna
57,Cayuela Aurelio
58,Suzuki Kenta
59,Hutchings Hollis
